epoch,train_loss,val_loss,test_loss
1,0.7470357905425916,0.7199666649103165,0.7198164939880372
2,0.6825662457365596,0.63743055164814,0.7198164939880372
3,0.5804519984457228,0.517159155011177,0.7198164939880372
4,0.4476484051796785,0.3754673361778259,0.7198164939880372
5,0.3067170888015687,0.24042401611804962,0.7198164939880372
6,0.18522560256838458,0.13525440581142903,0.7198164939880372
