Epoch,Training_Loss,Validation_Loss,Loss_Difference,Training_Loss_Change,Validation_Loss_Change
1,8.44579730889736,16.12800539456881,7.68220808567145,0.0,0.0
2,8.242040829780775,15.913810754433657,7.671769924652882,-0.2037564791165849,-0.21419464013515288
